"Label (Grouping)","Total:","Total:!!Under 19 years:","Total:!!Under 19 years:!!With a disability:","Total:!!Under 19 years:!!With a disability:!!With health insurance coverage:","Total:!!Under 19 years:!!With a disability:!!With health insurance coverage:!!With private health insurance coverage","Total:!!Under 19 years:!!With a disability:!!With health insurance coverage:!!With public health coverage","Total:!!Under 19 years:!!With a disability:!!No health insurance coverage","Total:!!Under 19 years:!!No disability:","Total:!!Under 19 years:!!No disability:!!With health insurance coverage:","Total:!!Under 19 years:!!No disability:!!With health insurance coverage:!!With private health insurance coverage","Total:!!Under 19 years:!!No disability:!!With health insurance coverage:!!With public health coverage","Total:!!Under 19 years:!!No disability:!!No health insurance coverage","Total:!!19 to 64 years:","Total:!!19 to 64 years:!!With a disability:","Total:!!19 to 64 years:!!With a disability:!!With health insurance coverage:","Total:!!19 to 64 years:!!With a disability:!!With health insurance coverage:!!With private health insurance coverage","Total:!!19 to 64 years:!!With a disability:!!With health insurance coverage:!!With public health coverage","Total:!!19 to 64 years:!!With a disability:!!No health insurance coverage","Total:!!19 to 64 years:!!No disability:","Total:!!19 to 64 years:!!No disability:!!With health insurance coverage:","Total:!!19 to 64 years:!!No disability:!!With health insurance coverage:!!With private health insurance coverage","Total:!!19 to 64 years:!!No disability:!!With health insurance coverage:!!With public health coverage","Total:!!19 to 64 years:!!No disability:!!No health insurance coverage","Total:!!65 years and over:","Total:!!65 years and over:!!With a disability:","Total:!!65 years and over:!!With a disability:!!With health insurance coverage:","Total:!!65 years and over:!!With a disability:!!With health insurance coverage:!!With private health insurance coverage","Total:!!65 years and over:!!With a disability:!!With health insurance coverage:!!With public health coverage","Total:!!65 years and over:!!With a disability:!!No health insurance coverage","Total:!!65 years and over:!!No disability:","Total:!!65 years and over:!!No disability:!!With health insurance coverage:","Total:!!65 years and over:!!No disability:!!With health insurance coverage:!!With private health insurance coverage","Total:!!65 years and over:!!No disability:!!With health insurance coverage:!!With public health coverage","Total:!!65 years and over:!!No disability:!!No health insurance coverage"
"Alabama","","","","","","","","","","","","","","","","","","","","","","","","","","","","","","","","","",""
"    Estimate","4,988,625","1,182,663","64,846","63,382","27,185","40,777","1,464","1,117,817","1,082,053","627,899","507,590","35,764","2,916,064","434,537","375,116","219,228","218,067","59,421","2,481,527","2,144,435","1,949,916","285,987","337,092","889,898","341,742","341,036","184,936","336,644","706","548,156","545,335","332,367","527,907","2,821"
"    Margin of Error","±2,393","±6,113","±4,560","±4,312","±3,046","±3,965","±726","±7,141","±8,065","±11,127","±13,114","±4,861","±7,127","±12,098","±11,366","±9,179","±8,154","±5,812","±13,662","±17,947","±18,550","±11,243","±13,727","±3,010","±7,874","±7,853","±5,980","±7,941","±442","±8,280","±8,078","±7,025","±8,232","±1,057"
"Alaska","","","","","","","","","","","","","","","","","","","","","","","","","","","","","","","","","",""
"    Estimate","701,511","183,084","8,092","7,685","4,502","4,373","407","174,992","160,008","106,585","67,250","14,984","418,442","50,835","44,694","25,552","25,201","6,141","367,607","313,546","265,286","69,898","54,061","99,985","33,928","33,722","18,853","33,218","206","66,057","64,883","44,794","60,813","1,174"
"    Margin of Error","±2,509","±1,615","±1,396","±1,335","±1,156","±960","±302","±1,899","±2,996","±4,400","±3,861","±2,289","±3,377","±3,503","±3,579","±2,640","±3,032","±1,499","±4,707","±5,426","±6,163","±4,578","±3,974","±1,330","±2,568","±2,559","±2,058","±2,557","±176","±2,535","±2,572","±2,999","±2,596","±423"
"Arizona","","","","","","","","","","","","","","","","","","","","","","","","","","","","","","","","","",""
"    Estimate","7,251,924","1,683,061","86,850","81,295","42,474","48,893","5,555","1,596,211","1,460,012","950,711","581,970","136,199","4,206,665","463,351","413,131","230,405","231,873","50,220","3,743,314","3,198,737","2,710,154","611,620","544,577","1,362,198","434,713","431,582","215,359","425,340","3,131","927,485","918,455","481,293","880,678","9,030"
"    Margin of Error","±3,111","±4,447","±7,151","±6,811","±4,286","±5,562","±1,405","±9,099","±12,836","±17,405","±17,867","±10,404","±5,205","±15,439","±14,624","±11,708","±10,567","±4,761","±15,652","±20,434","±27,129","±19,325","±17,375","±1,848","±9,465","±9,675","±7,559","±9,462","±1,417","±9,365","±9,169","±10,966","±9,040","±1,795"
"Arkansas","","","","","","","","","","","","","","","","","","","","","","","","","","","","","","","","","",""
"    Estimate","2,991,199","739,713","49,246","46,904","16,358","35,693","2,342","690,467","648,975","338,275","347,962","41,492","1,728,354","281,546","257,442","119,010","173,419","24,104","1,446,808","1,265,024","1,041,835","278,980","181,784","523,132","209,557","209,133","103,125","207,617","424","313,575","311,578","175,266","302,398","1,997"
"    Margin of Error","±1,702","±3,915","±4,898","±4,724","±2,723","±4,122","±1,077","±6,152","±9,043","±11,376","±12,459","±5,954","±4,415","±9,549","±8,340","±6,132","±6,993","±3,392","±10,022","±12,541","±13,510","±9,985","±9,006","±2,481","±5,355","±5,346","±5,021","±5,120","±293","±5,486","±5,498","±5,969","±5,790","±939"
"California","","","","","","","","","","","","","","","","","","","","","","","","","","","","","","","","","",""
"    Estimate","38,548,670","9,016,549","373,663","363,444","175,389","226,480","10,219","8,642,886","8,365,704","5,109,447","3,719,210","277,182","23,477,300","2,128,786","1,983,737","999,581","1,175,211","145,049","21,348,514","19,356,895","15,402,979","4,607,684","1,991,619","6,054,821","2,024,775","2,005,543","856,988","1,961,760","19,232","4,030,046","3,981,504","2,035,778","3,724,912","48,542"
"    Margin of Error","±7,600","±8,856","±12,380","±12,108","±9,018","±10,548","±2,439","±14,344","±17,749","±37,903","±39,255","±13,738","±13,273","±30,885","±28,666","±22,521","±19,817","±6,368","±32,191","±40,029","±47,091","±47,073","±32,703","±4,560","±18,963","±19,362","±15,000","±19,240","±2,239","±19,520","±19,605","±20,339","±20,437","±4,259"
"Colorado","","","","","","","","","","","","","","","","","","","","","","","","","","","","","","","","","",""
"    Estimate","5,742,363","1,285,242","54,111","51,536","25,257","30,403","2,575","1,231,131","1,171,522","822,700","407,272","59,609","3,560,553","347,846","317,486","190,433","163,264","30,360","3,212,707","2,903,026","2,536,769","462,928","309,681","896,568","262,539","260,311","133,192","255,332","2,228","634,029","629,957","340,351","593,654","4,072"
"    Margin of Error","±3,245","±4,734","±5,664","±5,458","±3,299","±4,624","±1,073","±6,642","±8,574","±16,557","±12,888","±5,571","±6,092","±13,070","±11,931","±9,304","±7,991","±4,044","±14,863","±19,035","±18,996","±14,558","±13,021","±2,545","±6,412","±6,480","±4,814","±6,382","±826","±7,124","±6,894","±8,251","±7,496","±1,145"
"Connecticut","","","","","","","","","","","","","","","","","","","","","","","","","","","","","","","","","",""
"    Estimate","3,582,236","780,597","41,901","41,096","17,121","27,064","805","738,696","714,889","492,274","260,145","23,807","2,156,769","212,751","201,404","99,964","120,178","11,347","1,944,018","1,800,344","1,518,814","332,590","143,674","644,870","191,793","190,314","92,673","186,381","1,479","453,077","449,273","248,766","419,789","3,804"
"    Margin of Error","±1,410","±3,955","±5,136","±4,974","±2,339","±4,788","±739","±5,573","±6,437","±11,133","±10,165","±3,873","±4,336","±8,835","±9,093","±5,896","±7,630","±2,412","±9,412","±12,715","±16,036","±13,065","±8,708","±1,809","±5,429","±5,485","±3,576","±5,457","±789","±5,382","±5,485","±6,488","±6,297","±1,193"
"Delaware","","","","","","","","","","","","","","","","","","","","","","","","","","","","","","","","","",""
"    Estimate","1,005,551","222,571","10,459","10,310","5,403","6,287","149","212,112","204,773","138,121","79,070","7,339","574,650","65,624","62,585","34,592","35,654","3,039","509,026","464,287","404,067","75,182","44,739","208,330","63,051","62,718","41,957","62,230","333","145,279","144,088","97,787","139,057","1,191"
"    Margin of Error","±962","±1,733","±2,072","±2,017","±1,333","±1,667","±248","±3,074","±3,492","±6,563","±6,121","±1,879","±1,971","±5,292","±5,228","±3,635","±3,884","±1,091","±5,418","±6,703","±8,029","±5,313","±5,053","±690","±3,695","±3,711","±3,054","±3,703","±275","±3,702","±3,761","±3,898","±3,800","±576"
"District of Columbia","","","","","","","","","","","","","","","","","","","","","","","","","","","","","","","","","",""
"    Estimate","661,425","134,213","5,795","5,795","1,995","4,258","0","128,418","126,544","77,537","52,027","1,874","441,913","39,533","37,069","19,567","21,557","2,464","402,380","387,820","328,585","68,072","14,560","85,299","26,898","26,812","14,727","25,377","86","58,401","57,911","37,289","52,425","490"
"    Margin of Error","±1,193","±1,928","±2,147","±2,147","±779","±1,966","±238","±3,103","±3,475","±5,884","±6,000","±1,196","±2,303","±3,909","±3,734","±2,509","±3,185","±1,041","±4,112","±4,384","±6,783","±5,469","±2,764","±409","±2,381","±2,373","±1,957","±2,129","±115","±2,427","±2,515","±2,497","±2,733","±385"
"Florida","","","","","","","","","","","","","","","","","","","","","","","","","","","","","","","","","",""
"    Estimate","21,904,247","4,540,824","227,933","216,137","102,480","128,473","11,796","4,312,891","3,988,271","2,409,794","1,739,296","324,620","12,672,391","1,314,993","1,134,200","680,152","596,570","180,793","11,357,398","9,479,089","8,526,315","1,282,938","1,878,309","4,691,032","1,472,802","1,460,009","666,162","1,435,858","12,793","3,218,230","3,178,816","1,553,251","3,035,552","39,414"
"    Margin of Error","±6,171","±7,822","±10,965","±10,318","±6,900","±8,503","±2,458","±13,096","±21,159","±31,560","±32,070","±16,569","±10,110","±25,733","±23,945","±19,762","±14,798","±9,498","±27,810","±38,333","±44,113","±26,462","±29,779","±4,617","±20,218","±20,470","±12,518","±20,219","±2,558","±20,418","±20,840","±21,759","±23,192","±4,165"
"Georgia","","","","","","","","","","","","","","","","","","","","","","","","","","","","","","","","","",""
"    Estimate","10,718,050","2,665,201","144,517","138,102","67,769","86,026","6,415","2,520,684","2,361,181","1,457,251","1,021,255","159,503","6,445,824","726,226","610,244","390,859","314,731","115,982","5,719,598","4,764,358","4,372,961","576,389","955,240","1,607,025","558,046","553,977","276,423","545,387","4,069","1,048,979","1,038,972","573,612","992,016","10,007"
"    Margin of Error","±4,386","±9,145","±7,913","±7,829","±5,001","±6,482","±1,806","±11,205","±14,138","±23,164","±21,064","±10,015","±12,105","±19,260","±16,951","±12,583","±11,330","±7,160","±21,613","±27,772","±32,185","±16,203","±23,302","±4,191","±9,487","±9,794","±7,807","±9,407","±1,410","±10,272","±10,024","±10,282","±10,867","±2,144"
"Hawaii","","","","","","","","","","","","","","","","","","","","","","","","","","","","","","","","","",""
"    Estimate","1,383,700","311,058","11,527","11,306","5,967","6,131","221","299,531","290,354","203,238","106,042","9,177","782,944","79,287","76,047","44,902","42,738","3,240","703,657","669,122","584,461","117,578","34,535","289,698","95,289","94,832","62,244","92,488","457","194,409","193,206","137,317","180,138","1,203"
"    Margin of Error","±2,785","±1,416","±1,563","±1,546","±1,217","±1,323","±253","±2,222","±2,917","±6,014","±6,233","±1,853","±3,157","±4,232","±4,163","±3,350","±3,158","±953","±4,709","±5,862","±7,079","±6,110","±3,966","±891","±3,513","±3,540","±3,318","±3,358","±314","±3,545","±3,565","±3,653","±3,886","±610"
"Idaho","","","","","","","","","","","","","","","","","","","","","","","","","","","","","","","","","",""
"    Estimate","1,911,951","494,290","27,586","26,111","11,328","18,322","1,475","466,704","439,805","306,886","165,184","26,899","1,096,006","137,262","121,889","69,085","68,416","15,373","958,744","848,020","737,688","147,720","110,724","321,655","105,635","104,746","56,166","103,689","889","216,020","214,742","124,922","208,591","1,278"
"    Margin of Error","±1,541","±3,108","±2,911","±2,743","±1,847","±2,240","±898","±4,082","±5,332","±8,570","±7,719","±3,680","±3,606","±6,706","±6,355","±3,942","±4,788","±2,293","±7,846","±10,252","±10,217","±7,452","±6,976","±1,655","±4,775","±4,664","±3,895","±4,423","±697","±4,869","±4,930","±4,871","±5,156","±754"
"Illinois","","","","","","","","","","","","","","","","","","","","","","","","","","","","","","","","","",""
"    Estimate","12,413,406","2,879,329","114,909","110,969","53,524","67,862","3,940","2,764,420","2,669,391","1,769,013","1,027,693","95,029","7,433,633","737,574","685,783","373,309","378,554","51,791","6,696,059","6,050,249","5,230,392","974,286","645,810","2,100,444","669,530","664,881","354,129","650,799","4,649","1,430,914","1,418,898","824,336","1,343,881","12,016"
"    Margin of Error","±2,174","±6,423","±6,521","±6,419","±4,687","±5,329","±1,384","±8,534","±11,946","±22,978","±22,157","±9,059","±7,922","±15,260","±14,644","±10,790","±12,014","±4,719","±18,508","±26,160","±34,532","±22,799","±18,828","±2,496","±10,386","±10,441","±8,215","±10,832","±1,226","±10,362","±10,472","±10,270","±11,675","±1,832"
"Indiana","","","","","","","","","","","","","","","","","","","","","","","","","","","","","","","","","",""
"    Estimate","6,737,570","1,665,971","90,100","87,372","41,383","55,121","2,728","1,575,871","1,487,182","999,437","560,908","88,689","3,954,766","494,822","457,072","239,057","265,867","37,750","3,459,944","3,125,235","2,707,220","519,011","334,709","1,116,833","373,933","372,566","200,739","367,585","1,367","742,900","738,681","418,635","712,119","4,219"
"    Margin of Error","±1,201","±5,212","±5,729","±5,626","±3,889","±4,813","±872","±8,312","±9,652","±18,080","±16,362","±6,559","±5,530","±13,596","±12,070","±9,363","±9,450","±4,235","±15,227","±18,502","±23,401","±13,344","±13,367","±3,358","±8,605","±8,526","±6,913","±8,507","±495","±8,947","±8,821","±10,008","±9,214","±1,217"
"Iowa","","","","","","","","","","","","","","","","","","","","","","","","","","","","","","","","","",""
"    Estimate","3,153,337","762,390","39,252","38,511","20,041","25,172","741","723,138","695,481","493,327","249,097","27,657","1,828,074","194,826","187,409","104,119","103,466","7,417","1,633,248","1,529,121","1,350,202","234,325","104,127","562,873","168,537","168,283","98,198","165,964","254","394,336","393,736","246,905","382,231","600"
"    Margin of Error","±1,256","±3,557","±2,972","±2,978","±2,235","±2,389","±355","±4,600","±5,049","±9,341","±8,937","±3,293","±4,142","±6,928","±6,649","±5,214","±5,451","±1,552","±8,467","±9,351","±10,453","±8,002","±5,391","±2,370","±5,048","±5,036","±4,264","±4,898","±196","±5,685","±5,736","±5,906","±5,831","±385"
"Kansas","","","","","","","","","","","","","","","","","","","","","","","","","","","","","","","","","",""
"    Estimate","2,876,222","730,274","35,938","33,290","17,243","19,634","2,648","694,336","659,057","485,807","206,441","35,279","1,657,703","194,219","168,124","110,457","82,877","26,095","1,463,484","1,282,644","1,210,070","117,229","180,840","488,245","165,151","163,987","96,079","161,706","1,164","323,094","322,050","200,055","308,361","1,044"
"    Margin of Error","±2,153","±3,775","±3,142","±3,021","±2,124","±2,349","±954","±4,501","±5,924","±9,819","±8,880","±3,988","±4,830","±6,458","±6,127","±4,950","±4,706","±2,561","±7,911","±12,202","±12,491","±6,254","±8,116","±2,345","±5,292","±5,152","±4,413","±5,152","±525","±5,084","±5,099","±5,432","±5,132","±491"
"Kentucky","","","","","","","","","","","","","","","","","","","","","","","","","","","","","","","","","",""
"    Estimate","4,428,274","1,060,721","71,122","68,451","25,037","49,840","2,671","989,599","946,630","545,637","451,198","42,969","2,599,012","428,043","405,132","174,120","275,968","22,911","2,170,969","1,995,129","1,596,391","479,230","175,840","768,541","301,896","301,400","158,018","297,245","496","466,645","464,571","282,392","448,806","2,074"
"    Margin of Error","±2,007","±4,130","±5,043","±4,965","±2,594","±4,444","±1,127","±6,700","±9,082","±11,278","±10,923","±6,041","±5,302","±9,688","±9,260","±6,399","±7,736","±2,944","±10,757","±13,387","±16,221","±11,493","±9,227","±2,844","±6,336","±6,358","±5,976","±6,282","±335","±6,829","±6,710","±7,159","±6,913","±656"
"Louisiana","","","","","","","","","","","","","","","","","","","","","","","","","","","","","","","","","",""
"    Estimate","4,494,008","1,119,755","65,276","64,196","23,370","46,118","1,080","1,054,479","1,016,105","528,977","551,602","38,374","2,615,711","388,592","365,223","163,231","248,379","23,369","2,227,119","1,981,727","1,504,247","574,820","245,392","758,542","299,619","298,562","141,513","293,204","1,057","458,923","455,999","249,067","431,707","2,924"
"    Margin of Error","±1,868","±4,496","±6,227","±6,169","±2,949","±5,214","±706","±6,745","±8,565","±15,585","±16,329","±4,568","±5,504","±11,972","±11,000","±7,504","±9,596","±3,136","±12,590","±15,496","±20,010","±15,876","±10,053","±2,923","±7,656","±7,650","±5,759","±7,780","±580","±8,237","±8,318","±8,774","±8,575","±823"
"Maine","","","","","","","","","","","","","","","","","","","","","","","","","","","","","","","","","",""
"    Estimate","1,368,026","260,173","16,987","16,682","5,999","12,293","305","243,186","231,581","165,893","79,796","11,605","805,195","106,052","99,463","51,303","62,602","6,589","699,143","628,373","545,592","106,765","70,770","302,658","92,869","92,781","52,016","91,478","88","209,789","209,363","118,441","200,983","426"
"    Margin of Error","±801","±1,834","±2,034","±2,014","±947","±1,962","±211","±2,851","±3,681","±5,510","±4,985","±2,548","±2,152","±5,214","±5,027","±3,534","±4,634","±1,246","±5,262","±7,375","±8,794","±6,277","±5,714","±1,342","±4,039","±4,018","±3,393","±4,087","±100","±4,344","±4,341","±4,410","±4,170","±259"
"Maryland","","","","","","","","","","","","","","","","","","","","","","","","","","","","","","","","","",""
"    Estimate","6,073,039","1,428,132","68,184","66,006","33,702","37,203","2,178","1,359,948","1,302,101","882,530","476,444","57,847","3,627,388","346,723","328,563","192,706","181,400","18,160","3,280,665","3,000,177","2,619,485","493,327","280,488","1,017,519","309,521","307,650","191,140","298,572","1,871","707,998","700,149","501,326","648,464","7,849"
"    Margin of Error","±3,093","±5,078","±5,056","±5,037","±3,798","±3,692","±1,052","±6,279","±7,573","±16,732","±16,038","±7,203","±5,662","±11,136","±11,427","±9,180","±8,345","±3,112","±12,493","±15,458","±18,272","±15,365","±13,267","±2,923","±7,877","±7,824","±7,068","±7,666","±739","±7,832","±8,041","±9,870","±8,943","±1,763"
"Massachusetts","","","","","","","","","","","","","","","","","","","","","","","","","","","","","","","","","",""
"    Estimate","6,919,123","1,435,971","75,533","74,690","40,657","45,101","843","1,360,438","1,339,208","963,963","456,598","21,230","4,255,270","423,831","412,662","203,623","252,613","11,169","3,831,439","3,704,094","3,117,343","712,516","127,345","1,227,882","369,206","367,590","196,865","359,096","1,616","858,676","853,220","556,613","790,498","5,456"
"    Margin of Error","±1,385","±5,095","±5,243","±5,214","±3,463","±4,517","±431","±7,327","±7,868","±13,257","±11,745","±4,133","±5,642","±11,908","±11,694","±6,905","±9,706","±2,086","±13,953","±15,176","±19,554","±15,625","±7,678","±1,815","±9,086","±8,900","±6,519","±8,867","±898","±9,273","±9,169","±10,835","±10,039","±1,331"
"Michigan","","","","","","","","","","","","","","","","","","","","","","","","","","","","","","","","","",""
"    Estimate","9,929,781","2,233,560","118,108","116,026","59,699","72,893","2,082","2,115,452","2,057,347","1,381,572","822,255","58,105","5,858,108","721,112","684,623","340,113","431,204","36,489","5,136,996","4,788,462","3,998,511","965,198","348,534","1,838,113","585,454","584,296","367,402","576,400","1,158","1,252,659","1,247,547","838,548","1,198,853","5,112"
"    Margin of Error","±999","±5,775","±6,807","±6,770","±4,374","±5,502","±835","±8,142","±8,572","±18,676","±16,622","±5,416","±6,027","±16,499","±15,738","±10,654","±10,728","±3,327","±17,380","±18,296","±23,860","±14,902","±11,299","±2,973","±7,986","±7,940","±7,017","±7,900","±412","±8,458","±8,450","±11,186","±8,874","±1,338"
"Minnesota","","","","","","","","","","","","","","","","","","","","","","","","","","","","","","","","","",""
"    Estimate","5,657,569","1,361,170","54,864","52,586","29,057","32,009","2,278","1,306,306","1,263,170","928,028","414,659","43,136","3,334,664","326,510","306,816","160,459","178,947","19,694","3,008,154","2,822,615","2,462,776","448,175","185,539","961,735","277,307","275,916","176,360","271,948","1,391","684,428","682,043","471,290","653,393","2,385"
"    Margin of Error","±1,043","±3,563","±3,245","±3,316","±2,512","±2,756","±1,058","±4,512","±5,326","±12,516","±12,871","±3,745","±4,427","±9,246","±8,885","±5,697","±7,615","±2,742","±10,261","±12,366","±17,005","±11,916","±6,945","±2,253","±5,541","±5,551","±4,862","±5,368","±586","±5,573","±5,492","±6,275","±6,136","±675"
"Mississippi","","","","","","","","","","","","","","","","","","","","","","","","","","","","","","","","","",""
"    Estimate","2,872,112","721,476","48,734","47,455","20,815","31,861","1,279","672,742","634,589","339,657","327,278","38,153","1,653,780","274,796","230,949","123,821","136,816","43,847","1,378,984","1,152,170","1,028,457","170,561","226,814","496,856","210,298","209,438","95,881","207,094","860","286,558","285,937","158,172","278,227","621"
"    Margin of Error","±2,195","±4,577","±5,318","±5,229","±2,933","±4,470","±598","±6,481","±7,346","±10,000","±10,653","±4,428","±5,782","±9,975","±9,060","±6,555","±6,743","±3,999","±11,394","±14,566","±14,212","±8,362","±9,585","±2,683","±5,479","±5,463","±4,794","±5,563","±399","±5,267","±5,254","±5,433","±5,058","±364"
"Missouri","","","","","","","","","","","","","","","","","","","","","","","","","","","","","","","","","",""
"    Estimate","6,071,333","1,441,632","74,532","70,517","31,740","44,430","4,015","1,367,100","1,287,767","879,349","465,620","79,333","3,552,805","464,258","405,247","225,550","225,047","59,011","3,088,547","2,715,686","2,487,922","308,592","372,861","1,076,896","374,917","373,596","183,085","369,491","1,321","701,979","697,775","367,160","671,476","4,204"
"    Margin of Error","±1,805","±5,553","±5,300","±5,087","±2,987","±4,088","±1,233","±6,978","±8,418","±13,000","±12,413","±6,101","±6,252","±9,330","±8,883","±7,808","±8,236","±3,889","±10,737","±16,040","±18,914","±10,591","±13,551","±2,874","±7,091","±7,129","±6,268","±7,187","±477","±7,264","±7,384","±8,245","±8,274","±1,084"
"Montana","","","","","","","","","","","","","","","","","","","","","","","","","","","","","","","","","",""
"    Estimate","1,104,997","249,130","12,731","12,605","5,205","8,219","126","236,399","219,414","140,577","87,410","16,985","635,153","77,164","69,938","34,766","43,863","7,226","557,989","491,793","417,369","94,293","66,196","220,714","69,649","69,507","37,120","68,810","142","151,065","150,468","85,773","145,905","597"
"    Margin of Error","±1,074","±2,419","±1,703","±1,704","±1,144","±1,568","±174","±2,758","±3,844","±5,341","±5,461","±3,131","±2,549","±4,914","±4,809","±2,751","±4,279","±1,518","±5,534","±7,319","±8,452","±4,912","±5,032","±1,577","±3,005","±3,018","±2,569","±2,980","±118","±3,189","±3,190","±3,486","±3,312","±296"
"Nebraska","","","","","","","","","","","","","","","","","","","","","","","","","","","","","","","","","",""
"    Estimate","1,939,912","504,996","21,571","20,681","10,846","12,772","890","483,425","461,270","341,493","142,115","22,155","1,110,453","118,352","106,702","65,398","55,762","11,650","992,101","900,674","825,277","105,815","91,427","324,463","104,479","104,067","59,257","102,841","412","219,984","216,947","126,059","207,109","3,037"
"    Margin of Error","±1,573","±3,096","±2,450","±2,344","±1,514","±2,045","±590","±3,391","±4,327","±7,491","±8,016","±3,494","±4,159","±5,337","±5,248","±3,838","±3,722","±2,485","±6,557","±8,046","±9,351","±6,589","±5,671","±1,955","±3,797","±3,791","±2,893","±3,792","±301","±4,051","±4,016","±3,913","±4,269","±1,046"
"Nevada","","","","","","","","","","","","","","","","","","","","","","","","","","","","","","","","","",""
"    Estimate","3,139,304","725,061","39,954","37,287","21,042","20,867","2,667","685,107","632,895","412,714","254,950","52,212","1,880,248","225,427","200,447","119,289","106,452","24,980","1,654,821","1,391,984","1,184,787","267,051","262,837","533,995","183,946","182,831","86,521","177,953","1,115","350,049","345,172","165,541","330,305","4,877"
"    Margin of Error","±2,624","±2,649","±4,317","±4,142","±2,910","±3,866","±948","±4,601","±6,301","±12,270","±11,381","±5,461","±4,422","±9,714","±9,988","±7,671","±6,506","±2,766","±9,963","±14,346","±16,066","±10,747","±9,658","±1,755","±6,658","±6,716","±4,595","±6,503","±662","±6,824","±6,750","±6,419","±7,346","±1,371"
"New Hampshire","","","","","","","","","","","","","","","","","","","","","","","","","","","","","","","","","",""
"    Estimate","1,379,160","268,885","13,099","13,052","8,653","6,080","47","255,786","246,634","186,772","66,514","9,152","837,307","89,797","84,084","47,232","45,458","5,713","747,510","695,711","631,665","82,485","51,799","272,968","79,101","78,880","46,494","77,603","221","193,867","193,278","121,608","184,470","589"
"    Margin of Error","±734","±2,336","±1,842","±1,837","±1,776","±1,206","±81","±2,615","±3,542","±5,561","±5,533","±1,972","±3,109","±5,555","±5,200","±4,161","±3,580","±1,664","±6,485","±6,564","±8,715","±5,401","±4,572","±1,953","±3,555","±3,560","±3,243","±3,582","±148","±3,373","±3,342","±3,982","±3,544","±272"
"New Jersey","","","","","","","","","","","","","","","","","","","","","","","","","","","","","","","","","",""
"    Estimate","9,168,124","2,107,527","95,967","92,465","48,883","48,676","3,502","2,011,560","1,932,827","1,350,204","662,372","78,733","5,484,095","462,836","426,574","256,292","222,608","36,262","5,021,259","4,530,360","3,974,818","667,612","490,899","1,576,502","471,740","467,415","248,870","456,559","4,325","1,104,762","1,091,336","651,256","1,022,494","13,426"
"    Margin of Error","±3,337","±5,719","±7,455","±7,501","±4,700","±5,395","±1,306","±8,965","±11,418","±17,920","±17,884","±6,489","±7,191","±13,711","±13,682","±10,700","±9,655","±3,927","±15,240","±23,074","±26,875","±19,173","±16,764","±1,768","±9,679","±9,483","±8,122","±9,465","±1,175","±9,463","±9,909","±10,347","±10,177","±2,286"
"New Mexico","","","","","","","","","","","","","","","","","","","","","","","","","","","","","","","","","",""
"    Estimate","2,074,351","483,198","28,452","28,386","8,770","21,529","66","454,746","436,406","206,222","255,043","18,340","1,191,031","173,234","157,942","65,927","111,186","15,292","1,017,797","884,572","646,801","287,295","133,225","400,122","153,954","153,024","71,231","151,284","930","246,168","243,552","129,609","235,792","2,616"
"    Margin of Error","±2,524","±4,095","±3,743","±3,740","±1,991","±2,896","±86","±4,973","±5,630","±9,467","±8,919","±3,392","±5,450","±7,508","±7,119","±5,025","±6,244","±2,577","±9,655","±10,955","±13,526","±11,165","±8,133","±2,738","±4,964","±5,036","±4,101","±4,991","±527","±5,402","±5,434","±4,812","±5,373","±962"
"New York","","","","","","","","","","","","","","","","","","","","","","","","","","","","","","","","","",""
"    Estimate","19,475,046","4,233,691","204,663","200,217","97,547","129,543","4,446","4,029,028","3,922,742","2,425,740","1,765,825","106,286","11,767,983","1,178,239","1,119,758","541,961","711,197","58,481","10,589,744","9,844,568","7,764,143","2,452,212","745,176","3,473,372","1,125,145","1,117,308","549,190","1,100,624","7,837","2,348,227","2,325,657","1,365,225","2,196,546","22,570"
"    Margin of Error","±2,907","±6,342","±10,309","±10,157","±6,082","±8,441","±1,506","±11,834","±14,292","±29,346","±28,126","±7,681","±6,892","±21,993","±22,336","±16,643","±15,520","±5,682","±23,677","±28,256","±41,615","±29,660","±18,740","±3,079","±17,242","±17,451","±12,355","±17,337","±2,084","±17,210","±17,180","±16,871","±18,483","±2,440"
"North Carolina","","","","","","","","","","","","","","","","","","","","","","","","","","","","","","","","","",""
"    Estimate","10,480,843","2,439,168","118,952","115,169","51,461","74,363","3,783","2,320,216","2,205,955","1,367,039","935,791","114,261","6,217,037","710,573","623,890","366,470","349,069","86,683","5,506,464","4,750,265","4,305,323","641,112","756,199","1,824,638","608,411","604,854","315,407","598,216","3,557","1,216,227","1,207,615","698,836","1,165,845","8,612"
"    Margin of Error","±5,339","±7,470","±7,706","±7,559","±5,057","±5,564","±1,049","±9,549","±11,344","±19,035","±19,616","±7,910","±8,102","±14,375","±13,568","±11,162","±10,626","±6,177","±15,452","±23,804","±24,628","±16,648","±20,348","±4,258","±10,742","±10,617","±7,681","±10,212","±1,171","±11,299","±11,166","±10,711","±11,035","±1,696"
"North Dakota","","","","","","","","","","","","","","","","","","","","","","","","","","","","","","","","","",""
"    Estimate","762,522","190,359","9,023","8,661","5,547","4,624","362","181,336","171,220","139,627","40,916","10,116","448,374","45,785","41,758","26,204","20,355","4,027","402,589","369,315","340,785","40,877","33,274","123,789","37,900","37,868","24,837","37,506","32","85,889","85,070","60,444","80,459","819"
"    Margin of Error","±1,221","±1,784","±1,727","±1,707","±1,325","±1,725","±447","±2,486","±3,017","±4,834","±4,928","±2,014","±2,391","±3,823","±3,602","±2,788","±2,566","±1,276","±4,380","±5,104","±6,282","±3,700","±3,945","±1,172","±2,252","±2,257","±1,942","±2,283","±55","±2,277","±2,316","±2,899","±2,815","±451"
"Ohio","","","","","","","","","","","","","","","","","","","","","","","","","","","","","","","","","",""
"    Estimate","11,587,715","2,709,139","149,322","143,916","68,305","91,396","5,406","2,559,817","2,443,667","1,666,351","919,139","116,150","6,784,974","836,515","783,377","375,219","482,389","53,138","5,948,459","5,452,262","4,640,942","986,895","496,197","2,093,602","682,308","679,024","349,552","668,244","3,284","1,411,294","1,402,920","796,585","1,344,820","8,374"
"    Margin of Error","±2,414","±6,542","±7,205","±6,968","±5,173","±5,881","±1,876","±9,109","±12,795","±19,798","±20,027","±8,773","±8,161","±14,590","±13,883","±12,034","±12,262","±4,183","±16,967","±22,194","±27,836","±19,612","±15,007","±3,644","±10,528","±10,357","±7,963","±10,430","±1,109","±10,345","±10,367","±10,623","±11,013","±1,480"
"Oklahoma","","","","","","","","","","","","","","","","","","","","","","","","","","","","","","","","","",""
"    Estimate","3,930,259","1,010,232","66,058","62,341","25,598","42,741","3,717","944,174","874,538","489,532","440,951","69,636","2,277,825","357,860","303,474","170,168","175,253","54,386","1,919,965","1,592,453","1,378,561","278,378","327,512","642,202","262,015","260,106","139,813","256,651","1,909","380,187","376,467","221,986","361,613","3,720"
"    Margin of Error","±1,919","±3,295","±4,031","±4,103","±2,405","±3,580","±1,010","±4,871","±6,084","±9,008","±9,911","±4,132","±3,957","±8,487","±7,986","±5,549","±6,676","±3,581","±9,271","±11,591","±13,540","±8,225","±7,547","±2,109","±4,688","±4,699","±4,395","±4,640","±550","±4,743","±4,769","±4,939","±4,845","±801"
"Oregon","","","","","","","","","","","","","","","","","","","","","","","","","","","","","","","","","",""
"    Estimate","4,199,471","888,272","52,278","51,043","26,438","30,397","1,235","835,994","810,405","539,348","329,815","25,589","2,507,769","329,319","308,347","156,948","187,719","20,972","2,178,450","1,977,888","1,659,048","406,476","200,562","803,430","280,083","279,074","141,702","274,370","1,009","523,347","520,277","294,495","499,538","3,070"
"    Margin of Error","±827","±4,160","±4,774","±4,643","±3,226","±3,659","±611","±6,434","±7,312","±14,021","±12,506","±3,570","±5,452","±10,655","±9,934","±7,499","±7,513","±2,941","±12,043","±14,490","±16,001","±12,707","±11,324","±2,901","±7,435","±7,394","±5,761","±7,361","±525","±7,641","±7,474","±7,750","±7,919","±877"
"Pennsylvania","","","","","","","","","","","","","","","","","","","","","","","","","","","","","","","","","",""
"    Estimate","12,789,843","2,804,877","165,684","160,258","74,345","115,594","5,426","2,639,193","2,499,549","1,726,334","957,227","139,644","7,528,115","913,116","862,839","460,903","518,927","50,277","6,614,999","6,140,912","5,355,857","1,008,751","474,087","2,456,851","784,264","781,348","448,285","770,929","2,916","1,672,587","1,664,000","1,042,133","1,588,906","8,587"
"    Margin of Error","±2,007","±5,809","±9,530","±9,269","±5,908","±8,475","±1,621","±11,620","±16,382","±21,260","±20,996","±9,538","±6,158","±17,283","±16,430","±11,858","±12,795","±5,823","±18,213","±24,439","±27,018","±20,401","±15,990","±3,086","±11,516","±11,414","±8,781","±11,435","±818","±12,056","±12,123","±13,741","±12,594","±1,476"
"Rhode Island","","","","","","","","","","","","","","","","","","","","","","","","","","","","","","","","","",""
"    Estimate","1,076,902","220,928","10,723","10,584","4,216","6,993","139","210,205","205,803","149,058","69,015","4,402","657,030","72,701","69,718","33,022","42,990","2,983","584,329","547,513","465,458","99,356","36,816","198,944","58,674","58,350","27,139","57,512","324","140,270","139,552","80,347","132,391","718"
"    Margin of Error","±1,224","±2,006","±1,893","±1,844","±1,258","±1,642","±218","±2,788","±3,258","±6,498","±5,919","±1,597","±2,809","±5,125","±5,012","±3,692","±4,003","±1,109","±5,262","±8,198","±9,577","±7,110","±5,540","±1,180","±3,281","±3,284","±2,798","±3,344","±429","±3,327","±3,298","±4,281","±3,571","±493"
"South Carolina","","","","","","","","","","","","","","","","","","","","","","","","","","","","","","","","","",""
"    Estimate","5,185,489","1,190,146","58,459","55,762","25,676","35,433","2,697","1,131,687","1,078,180","642,526","492,110","53,507","3,005,248","374,550","321,964","185,189","186,944","52,586","2,630,698","2,274,763","2,044,607","327,020","355,935","990,095","318,467","317,213","174,419","313,508","1,254","671,628","667,127","397,227","649,545","4,501"
"    Margin of Error","±3,163","±4,961","±5,843","±5,655","±3,690","±4,003","±1,160","±8,034","±10,384","±15,515","±14,997","±5,511","±6,513","±11,361","±10,412","±8,322","±7,877","±4,552","±12,565","±16,072","±16,285","±11,758","±12,820","±2,964","±7,684","±7,683","±5,688","±7,635","±681","±8,346","±8,246","±8,086","±8,241","±1,301"
"South Dakota","","","","","","","","","","","","","","","","","","","","","","","","","","","","","","","","","",""
"    Estimate","888,485","231,257","11,978","11,458","6,751","6,098","520","219,279","205,396","153,167","61,544","13,883","498,967","55,112","48,695","32,486","23,564","6,417","443,855","393,423","368,945","38,609","50,432","158,261","49,882","49,798","27,349","49,601","84","108,379","108,127","62,471","104,920","252"
"    Margin of Error","±1,357","±2,305","±2,573","±2,514","±2,244","±1,477","±450","±3,538","±3,610","±4,695","±4,289","±1,994","±2,829","±4,506","±4,377","±3,378","±2,709","±1,305","±5,037","±5,557","±6,139","±3,226","±3,648","±1,581","±2,990","±2,974","±2,205","±2,968","±105","±3,217","±3,199","±2,887","±3,148","±191"
"Tennessee","","","","","","","","","","","","","","","","","","","","","","","","","","","","","","","","","",""
"    Estimate","6,951,491","1,621,937","83,142","78,499","37,479","49,118","4,643","1,538,795","1,457,591","932,582","608,779","81,204","4,140,306","526,063","452,689","261,033","245,600","73,374","3,614,243","3,133,833","2,804,015","443,409","480,410","1,189,248","433,204","430,009","220,080","425,473","3,195","756,044","751,811","415,839","721,805","4,233"
"    Margin of Error","±2,805","±6,365","±5,626","±5,419","±3,774","±4,713","±1,368","±8,719","±11,734","±17,179","±16,691","±7,632","±7,382","±14,019","±13,088","±10,437","±9,818","±4,858","±15,741","±21,565","±26,720","±14,682","±15,554","±3,486","±8,393","±8,520","±6,712","±8,733","±1,278","±8,686","±8,873","±9,519","±8,961","±1,158"
"Texas","","","","","","","","","","","","","","","","","","","","","","","","","","","","","","","","","",""
"    Estimate","29,539,484","7,861,607","396,381","364,160","166,633","223,464","32,221","7,465,226","6,643,238","4,098,410","2,817,930","821,988","17,731,264","1,863,976","1,495,819","992,014","692,187","368,157","15,867,288","12,260,033","11,361,907","1,297,272","3,607,255","3,946,613","1,405,046","1,384,652","648,565","1,355,279","20,394","2,541,567","2,492,615","1,294,976","2,360,317","48,952"
"    Margin of Error","±6,799","±12,329","±13,698","±13,154","±9,645","±10,616","±4,124","±17,918","±30,832","±47,429","±48,205","±27,833","±16,579","±27,053","±23,577","±18,024","±16,876","±11,215","±30,568","±44,472","±46,264","±24,429","±36,469","±6,485","±18,253","±18,414","±12,373","±17,734","±2,778","±18,417","±18,162","±15,719","±18,720","±4,471"
"Utah","","","","","","","","","","","","","","","","","","","","","","","","","","","","","","","","","",""
"    Estimate","3,353,888","987,111","44,030","42,446","33,465","13,119","1,584","943,081","884,085","753,396","161,998","58,996","1,968,052","190,237","172,295","123,635","66,411","17,942","1,777,815","1,587,627","1,497,868","128,609","190,188","398,725","121,113","120,382","65,996","118,038","731","277,612","274,430","156,076","257,019","3,182"
"    Margin of Error","±1,589","±3,227","±3,913","±3,777","±3,643","±1,977","±587","±4,665","±8,000","±12,189","±9,970","±7,476","±4,292","±9,003","±8,153","±7,155","±4,709","±2,729","±9,135","±14,359","±15,047","±7,728","±11,280","±1,695","±4,263","±4,157","±4,026","±4,148","±379","±4,426","±4,496","±5,978","±4,673","±1,168"
"Vermont","","","","","","","","","","","","","","","","","","","","","","","","","","","","","","","","","",""
"    Estimate","640,316","124,194","7,053","6,808","3,051","4,478","245","117,141","114,168","74,515","45,430","2,973","379,740","49,492","48,146","24,299","28,883","1,346","330,248","310,223","261,710","57,683","20,025","136,382","39,670","39,608","23,209","39,104","62","96,712","96,562","61,171","92,695","150"
"    Margin of Error","±888","±1,887","±1,215","±1,187","±842","±1,077","±214","±2,008","±2,243","±4,073","±3,403","±1,104","±2,165","±3,494","±3,471","±2,425","±2,481","±475","±4,030","±4,688","±5,906","±4,318","±2,779","±921","±2,171","±2,164","±2,002","±2,091","±102","±2,251","±2,279","±2,777","±2,321","±185"
"Virginia","","","","","","","","","","","","","","","","","","","","","","","","","","","","","","","","","",""
"    Estimate","8,446,378","1,978,898","97,129","95,116","51,756","51,826","2,013","1,881,769","1,797,220","1,302,671","572,992","84,549","5,038,561","527,806","493,178","286,371","272,847","34,628","4,510,755","4,096,233","3,635,314","632,530","414,522","1,428,919","445,219","442,222","254,724","432,355","2,997","983,700","977,404","637,514","925,067","6,296"
"    Margin of Error","±6,107","±6,045","±6,919","±6,863","±4,677","±5,430","±863","±8,658","±11,612","±17,349","±16,636","±7,825","±9,606","±10,463","±10,300","±9,218","±9,126","±3,576","±11,606","±18,402","±20,264","±15,291","±15,100","±4,438","±7,969","±8,116","±6,944","±8,220","±916","±9,425","±9,560","±9,580","±10,621","±1,377"
"Washington","","","","","","","","","","","","","","","","","","","","","","","","","","","","","","","","","",""
"    Estimate","7,667,041","1,732,691","77,622","76,328","37,671","49,534","1,294","1,655,069","1,608,275","1,072,535","633,717","46,794","4,648,020","524,711","491,774","287,743","266,572","32,937","4,123,309","3,745,827","3,280,022","609,253","377,482","1,286,330","434,809","432,199","242,219","423,929","2,610","851,521","845,080","508,834","802,588","6,441"
"    Margin of Error","±4,298","±3,924","±5,094","±5,091","±3,502","±4,435","±428","±5,426","±7,736","±15,188","±17,825","±5,007","±6,124","±13,797","±13,994","±10,524","±9,391","±3,858","±15,271","±21,624","±22,790","±15,530","±13,661","±3,187","±8,541","±8,430","±7,304","±8,279","±886","±8,215","±8,308","±9,558","±7,788","±1,262"
"West Virginia","","","","","","","","","","","","","","","","","","","","","","","","","","","","","","","","","",""
"    Estimate","1,741,322","375,214","21,799","21,090","6,697","17,024","709","353,415","343,445","190,226","174,433","9,970","999,164","165,591","155,929","64,588","111,417","9,662","833,573","752,011","592,683","195,276","81,562","366,944","150,376","150,229","84,019","148,667","147","216,568","215,548","137,654","209,948","1,020"
"    Margin of Error","±869","±3,228","±2,183","±2,298","±1,321","±2,258","±490","±3,719","±3,930","±7,972","±8,148","±2,416","±3,648","±7,320","±6,952","±3,774","±6,265","±1,621","±7,723","±9,670","±11,264","±7,664","±5,643","±1,679","±4,649","±4,614","±3,897","±4,547","±153","±4,781","±4,863","±4,713","±4,890","±488"
"Wisconsin","","","","","","","","","","","","","","","","","","","","","","","","","","","","","","","","","",""
"    Estimate","5,831,451","1,325,554","58,635","57,051","30,150","36,963","1,584","1,266,919","1,208,833","897,735","399,286","58,086","3,429,007","358,776","337,633","181,449","193,975","21,143","3,070,231","2,850,976","2,541,183","401,086","219,255","1,076,890","308,714","307,842","172,080","304,922","872","768,176","766,273","449,935","742,775","1,903"
"    Margin of Error","±1,112","±3,834","±4,139","±4,051","±2,748","±3,320","±518","±5,608","±6,879","±11,544","±11,832","±4,761","±4,445","±9,312","±9,154","±5,652","±7,388","±2,419","±10,695","±13,812","±16,521","±10,928","±8,671","±2,468","±6,602","±6,642","±6,054","±6,537","±378","±7,150","±7,251","±7,311","±7,550","±559"
"Wyoming","","","","","","","","","","","","","","","","","","","","","","","","","","","","","","","","","",""
"    Estimate","570,764","138,679","6,836","6,194","4,094","3,175","642","131,843","121,565","95,193","30,203","10,278","326,649","39,718","33,835","21,447","17,246","5,883","286,931","238,656","224,534","24,426","48,275","105,436","37,098","37,067","20,903","36,880","31","68,338","67,828","38,791","65,922","510"
"    Margin of Error","±1,045","±2,083","±1,520","±1,449","±1,298","±1,032","±437","±2,412","±3,032","±4,494","±3,708","±2,366","±2,455","±3,447","±3,107","±2,208","±2,400","±1,366","±3,993","±6,326","±6,688","±3,092","±5,145","±1,113","±2,482","±2,477","±1,788","±2,477","±39","±2,985","±3,004","±2,735","±2,961","±383"
"Puerto Rico","","","","","","","","","","","","","","","","","","","","","","","","","","","","","","","","","",""
"    Estimate","3,194,807","559,841","64,057","63,183","19,125","47,761","874","495,784","483,911","192,613","308,162","11,873","1,887,096","337,646","321,296","98,841","241,913","16,350","1,549,450","1,422,241","754,414","696,793","127,209","747,870","382,864","380,919","85,367","375,764","1,945","365,006","361,789","83,761","350,462","3,217"
"    Margin of Error","±1,125","±3,931","±5,262","±5,219","±2,869","±4,301","±624","±5,086","±5,378","±8,451","±9,055","±3,107","±4,269","±10,184","±9,914","±6,947","±9,751","±2,860","±11,015","±13,077","±15,302","±14,847","±8,450","±329","±7,321","±7,295","±4,917","±7,358","±587","±7,363","±7,122","±5,676","±7,103","±1,033"